fraudulent,customer,orders,paymentMethods,transactions
fraudulent,customer,orders,paymentMethods,transactions
fraudulent,customer,orders,paymentMethods,transactions
fraudulent,customer,orders,paymentMethods,transactions
fraudulent,customer,orders,paymentMethods,transactions
fraudulent,customer,orders,paymentMethods,transactions
fraudulent,customer,orders,paymentMethods,transactions
fraudulent,customer,orders,paymentMethods,transactions
fraudulent,customer,orders,paymentMethods,transactions
fraudulent,customer,orders,paymentMethods,transactions
fraudulent,customer,orders,paymentMethods,transactions
fraudulent,customer,orders,paymentMethods,transactions
fraudulent,customer,orders,paymentMethods,transactions
fraudulent,customer,orders,paymentMethods,transactions
fraudulent,customer,orders,paymentMethods,transactions
fraudulent,customer,orders,paymentMethods,transactions
fraudulent,customer,orders,paymentMethods,transactions
fraudulent,customer,orders,paymentMethods,transactions
fraudulent,customer,orders,paymentMethods,transactions
fraudulent,customer,orders,paymentMethods,transactions
fraudulent,customer,orders,paymentMethods,transactions
fraudulent,customer,orders,paymentMethods,transactions
fraudulent,customer,orders,paymentMethods,transactions
fraudulent,customer,orders,paymentMethods,transactions
fraudulent,customer,orders,paymentMethods,transactions
fraudulent,customer,orders,paymentMethods,transactions
fraudulent,customer,orders,paymentMethods,transactions
fraudulent,customer,orders,paymentMethods,transactions
fraudulent,customer,orders,paymentMethods,transactions
fraudulent,customer,orders,paymentMethods,transactions
fraudulent,customer,orders,paymentMethods,transactions
fraudulent,customer,orders,paymentMethods,transactions
fraudulent,customer,orders,paymentMethods,transactions
fraudulent,customer,orders,paymentMethods,transactions
fraudulent,customer,orders,paymentMethods,transactions
fraudulent,customer,orders,paymentMethods,transactions
fraudulent,customer,orders,paymentMethods,transactions
fraudulent,customer,orders,paymentMethods,transactions
fraudulent,customer,orders,paymentMethods,transactions
fraudulent,customer,orders,paymentMethods,transactions
fraudulent,customer,orders,paymentMethods,transactions
fraudulent,customer,orders,paymentMethods,transactions
fraudulent,customer,orders,paymentMethods,transactions
fraudulent,customer,orders,paymentMethods,transactions
fraudulent,customer,orders,paymentMethods,transactions
fraudulent,customer,orders,paymentMethods,transactions
fraudulent,customer,orders,paymentMethods,transactions
fraudulent,customer,orders,paymentMethods,transactions
fraudulent,customer,orders,paymentMethods,transactions
fraudulent,customer,orders,paymentMethods,transactions
fraudulent,customer,orders,paymentMethods,transactions
fraudulent,customer,orders,paymentMethods,transactions
fraudulent,customer,orders,paymentMethods,transactions
fraudulent,customer,orders,paymentMethods,transactions
fraudulent,customer,orders,paymentMethods,transactions
fraudulent,customer,orders,paymentMethods,transactions
fraudulent,customer,orders,paymentMethods,transactions
fraudulent,customer,orders,paymentMethods,transactions
fraudulent,customer,orders,paymentMethods,transactions
fraudulent,customer,orders,paymentMethods,transactions
fraudulent,customer,orders,paymentMethods,transactions
fraudulent,customer,orders,paymentMethods,transactions
fraudulent,customer,orders,paymentMethods,transactions
fraudulent,customer,orders,paymentMethods,transactions
fraudulent,customer,orders,paymentMethods,transactions
fraudulent,customer,orders,paymentMethods,transactions
fraudulent,customer,orders,paymentMethods,transactions
fraudulent,customer,orders,paymentMethods,transactions
fraudulent,customer,orders,paymentMethods,transactions
fraudulent,customer,orders,paymentMethods,transactions
fraudulent,customer,orders,paymentMethods,transactions
fraudulent,customer,orders,paymentMethods,transactions
fraudulent,customer,orders,paymentMethods,transactions
fraudulent,customer,orders,paymentMethods,transactions
fraudulent,customer,orders,paymentMethods,transactions
fraudulent,customer,orders,paymentMethods,transactions
fraudulent,customer,orders,paymentMethods,transactions
fraudulent,customer,orders,paymentMethods,transactions
fraudulent,customer,orders,paymentMethods,transactions
fraudulent,customer,orders,paymentMethods,transactions
fraudulent,customer,orders,paymentMethods,transactions
fraudulent,customer,orders,paymentMethods,transactions
fraudulent,customer,orders,paymentMethods,transactions
fraudulent,customer,orders,paymentMethods,transactions
fraudulent,customer,orders,paymentMethods,transactions
fraudulent,customer,orders,paymentMethods,transactions
fraudulent,customer,orders,paymentMethods,transactions
fraudulent,customer,orders,paymentMethods,transactions
fraudulent,customer,orders,paymentMethods,transactions
fraudulent,customer,orders,paymentMethods,transactions
fraudulent,customer,orders,paymentMethods,transactions
fraudulent,customer,orders,paymentMethods,transactions
fraudulent,customer,orders,paymentMethods,transactions
fraudulent,customer,orders,paymentMethods,transactions
fraudulent,customer,orders,paymentMethods,transactions
fraudulent,customer,orders,paymentMethods,transactions
fraudulent,customer,orders,paymentMethods,transactions
fraudulent,customer,orders,paymentMethods,transactions
fraudulent,customer,orders,paymentMethods,transactions
fraudulent,customer,orders,paymentMethods,transactions
fraudulent,customer,orders,paymentMethods,transactions
fraudulent,customer,orders,paymentMethods,transactions
fraudulent,customer,orders,paymentMethods,transactions
fraudulent,customer,orders,paymentMethods,transactions
fraudulent,customer,orders,paymentMethods,transactions
fraudulent,customer,orders,paymentMethods,transactions
fraudulent,customer,orders,paymentMethods,transactions
fraudulent,customer,orders,paymentMethods,transactions
fraudulent,customer,orders,paymentMethods,transactions
fraudulent,customer,orders,paymentMethods,transactions
fraudulent,customer,orders,paymentMethods,transactions
fraudulent,customer,orders,paymentMethods,transactions
fraudulent,customer,orders,paymentMethods,transactions
fraudulent,customer,orders,paymentMethods,transactions
fraudulent,customer,orders,paymentMethods,transactions
fraudulent,customer,orders,paymentMethods,transactions
fraudulent,customer,orders,paymentMethods,transactions
fraudulent,customer,orders,paymentMethods,transactions
fraudulent,customer,orders,paymentMethods,transactions
fraudulent,customer,orders,paymentMethods,transactions
fraudulent,customer,orders,paymentMethods,transactions
fraudulent,customer,orders,paymentMethods,transactions
fraudulent,customer,orders,paymentMethods,transactions
fraudulent,customer,orders,paymentMethods,transactions
fraudulent,customer,orders,paymentMethods,transactions
fraudulent,customer,orders,paymentMethods,transactions
fraudulent,customer,orders,paymentMethods,transactions
fraudulent,customer,orders,paymentMethods,transactions
fraudulent,customer,orders,paymentMethods,transactions
fraudulent,customer,orders,paymentMethods,transactions
fraudulent,customer,orders,paymentMethods,transactions
fraudulent,customer,orders,paymentMethods,transactions
fraudulent,customer,orders,paymentMethods,transactions
fraudulent,customer,orders,paymentMethods,transactions
fraudulent,customer,orders,paymentMethods,transactions
fraudulent,customer,orders,paymentMethods,transactions
fraudulent,customer,orders,paymentMethods,transactions
fraudulent,customer,orders,paymentMethods,transactions
fraudulent,customer,orders,paymentMethods,transactions
fraudulent,customer,orders,paymentMethods,transactions
fraudulent,customer,orders,paymentMethods,transactions
fraudulent,customer,orders,paymentMethods,transactions
fraudulent,customer,orders,paymentMethods,transactions
fraudulent,customer,orders,paymentMethods,transactions
fraudulent,customer,orders,paymentMethods,transactions
fraudulent,customer,orders,paymentMethods,transactions
fraudulent,customer,orders,paymentMethods,transactions
fraudulent,customer,orders,paymentMethods,transactions
fraudulent,customer,orders,paymentMethods,transactions
fraudulent,customer,orders,paymentMethods,transactions
fraudulent,customer,orders,paymentMethods,transactions
fraudulent,customer,orders,paymentMethods,transactions
fraudulent,customer,orders,paymentMethods,transactions
fraudulent,customer,orders,paymentMethods,transactions
fraudulent,customer,orders,paymentMethods,transactions
fraudulent,customer,orders,paymentMethods,transactions
fraudulent,customer,orders,paymentMethods,transactions
fraudulent,customer,orders,paymentMethods,transactions
fraudulent,customer,orders,paymentMethods,transactions
fraudulent,customer,orders,paymentMethods,transactions
fraudulent,customer,orders,paymentMethods,transactions
fraudulent,customer,orders,paymentMethods,transactions
fraudulent,customer,orders,paymentMethods,transactions
fraudulent,customer,orders,paymentMethods,transactions
fraudulent,customer,orders,paymentMethods,transactions
fraudulent,customer,orders,paymentMethods,transactions
fraudulent,customer,orders,paymentMethods,transactions
fraudulent,customer,orders,paymentMethods,transactions
